"SK_Country"|"Number"|"Alpha2Code"|"Alpha3Code"|"CountryName"|"TopLevelDomain"
1|20|"ad"|"and"|"Andorra"|".ad"
2|4|"af"|"afg"|"Afghanistan"|".af"
3|28|"ag"|"atg"|"Antigua and Barbuda"|".ag"
4|660|"ai"|"aia"|"Anguilla"|".ai"
5|8|"al"|"alb"|"Albania"|".al"
6|51|"am"|"arm"|"Armenia"|".am"
7|24|"ao"|"ago"|"Angola"|".ao"
8|10|"aq"|"ata"|"Antarctica"|".aq"
9|32|"ar"|"arg"|"Argentina"|".ar"
10|16|"as"|"asm"|"American Samoa"|".as"
11|36|"au"|"aus"|"Australia"|".au"
12|553|"aw"|"abw"|"Aruba"|".aw"
13|248|"ax"|"ala"|"Åland Islands"|".ax"
14|31|"az"|"aze"|"Azerbaijan"|".az"
15|40|"at"|"aut"|"Austria"|".at"
16|12|"dz"|"dza"|"Algeria"|".dz"
17|44|"bs"|"bhs"|"Bahamas"|".bs"
18|48|"bh"|"bhr"|"Bahrain"|".bh"
19|50|"bd"|"bgd"|"Bangladesh"|".bd"
20|52|"bb"|"brb"|"Barbados"|".bb"
21|112|"by"|"blr"|"Belarus"|".by"
22|56|"be"|"bel"|"Belgium"|".be"
23|84|"bz"|"blz"|"Belize"|".bz"
24|204|"bj"|"ben"|"Benin"|".bj"
25|60|"bm"|"bmu"|"Bermuda"|".bm"
26|64|"bt"|"btn"|"Bhutan"|".bt"
27|68|"bo"|"bol"|"Plurinational State of Bolivia"|".bo"
28|535|"bq"|"bes"|"Sint Eustatius and Saba Bonaire"|".bq"
29|70|"ba"|"bih"|"Bosnia and Herzegowina"|".ba"
30|72|"bw"|"bwa"|"Botswana"|".bw"
31|74|"bv"|"bvt"|"Bouvet Island"|".no"
32|76|"br"|"bra"|"Brazil"|".br"
33|86|"io"|"iot"|"British Indian Ocean Territory"|".io"
34|96|"bn"|"brn"|"Brunei Darussalam"|".bn"
35|100|"bg"|"bgr"|"Bulgaria"|".bg"
36|854|"bf"|"bfa"|"Burkina Faso"|".bf"
37|108|"bi"|"bdi"|"Burundi"|".bi"
38|116|"kh"|"khm"|"Cambodia"|".kh"
39|120|"cm"|"cmr"|"Cameroon"|".cm"
40|124|"ca"|"can"|"Canada"|".ca"
41|132|"cv"|"cpv"|"Cape Verde"|".cv"
42|136|"ky"|"cym"|"Cayman Islands"|".ky"
43|140|"cf"|"caf"|"Central African Republic"|".cf"
44|148|"td"|"tcd"|"Chad"|".td"
45|152|"cl"|"chl"|"Chile"|".cl"
46|156|"cn"|"chn"|"China"|".cn"
47|162|"cx"|"cxr"|"Christmas Island"|".cx"
48|166|"cc"|"cck"|"Cocos  Islands"|".cc"
49|170|"co"|"col"|"Colombia"|".co"
50|174|"km"|"com"|"Comoros"|".km"
51|178|"cg"|"cog"|"Congo"|".cg"
52|180|"cd"|"cod"|"The Democratic Republic of The Congo"|".cd"
53|184|"ck"|"cok"|"Cook Islands"|".ck"
54|188|"cr"|"cri"|"Costa Rica"|".cr"
55|384|"ci"|"civ"|"Côte d'Ivoire"|".ci"
56|191|"hr"|"hrv"|"Croatia "|".hr"
57|192|"cu"|"cub"|"Cuba"|".cu"
58|531|"cw"|"cuw"|"Curaçao"|".cw"
59|196|"cy"|"cyp"|"Cyprus"|".cy"
60|203|"cz"|"cze"|"Czech Republic"|".cz"
61|208|"dk"|"dnk"|"Denmark"|".dk"
62|262|"dj"|"dji"|"Djibouti"|".dj"
63|212|"dm"|"dma"|"Dominica"|".dm"
64|214|"do"|"dom"|"Dominican Republic"|".do"
65|218|"ec"|"ecu"|"Ecuador"|".ec"
66|818|"eg"|"egy"|"Egypt"|".eg"
67|222|"sv"|"slv"|"El Salvador"|".sv"
68|226|"gq"|"gnq"|"Equatorial Guinea"|".gq"
69|232|"er"|"eri"|"Eritrea"|".er"
70|233|"ee"|"est"|"Estonia"|".ee"
71|231|"et"|"eth"|"Ethiopia"|".et"
72|238|"fk"|"flk"|"Falkland Islands "|".fk"
73|234|"fo"|"fro"|"Faroe Islands"|".fo"
74|242|"fj"|"fji"|"Fiji"|".fj"
75|246|"fi"|"fin"|"Finland"|".fi"
76|250|"fr"|"fra"|"France"|".fr"
77|254|"gf"|"guf"|"French Guiana"|".gf"
78|258|"pf"|"pyf"|"French Polynesia"|".pf"
79|260|"tf"|"atf"|"French Southern Territories"|".tf"
80|266|"ga"|"gab"|"Gabon"|".ga"
81|270|"gm"|"gmb"|"Gambia"|".gm"
82|268|"ge"|"geo"|"Georgia"|".ge"
83|276|"de"|"deu"|"Germany"|".de"
84|288|"gh"|"gha"|"Ghana"|".gh"
85|292|"gi"|"gib"|"Gibraltar"|".gi"
86|300|"gr"|"grc"|"Greece"|".gr"
87|304|"gl"|"grl"|"Greenland"|".gl"
88|308|"gd"|"grd"|"Grenada"|".gd"
89|312|"gp"|"glp"|"Guadeloupe"|".gp"
90|316|"gu"|"gum"|"Guam"|".gu"
91|320|"gt"|"gtm"|"Guatemala"|".gt"
92|831|"gg"|"ggy"|"Guernsey"|".gg"
93|324|"gn"|"gin"|"Guinea"|".gn"
94|624|"gw"|"gnb"|"Guinea-bissau"|".gw"
95|328|"gy"|"guy"|"Guyana"|".gy"
96|332|"ht"|"hti"|"Haiti"|".ht"
97|334|"hm"|"hmd"|"Heard and McDonald Islands"|".hm"
98|336|"va"|"vat"|"Holy See "|".va"
99|340|"hn"|"hnd"|"Honduras"|".hn"
100|344|"hk"|"hkg"|"Hong Kong"|".hk"
101|348|"hu"|"hun"|"Hungary"|".hu"
102|352|"is"|"isl"|"Iceland"|".is"
103|356|"in"|"ind"|"India"|".in"
104|360|"id"|"idn"|"Indonesia"|".id"
105|364|"ir"|"irn"|"Iran "|".ir"
106|368|"iq"|"irq"|"Iraq"|".iq"
107|372|"ie"|"irl"|"Ireland"|".ie"
108|833|"im"|"imn"|"Isle of Man"|".im"
109|376|"il"|"isr"|"Israel"|".il"
110|380|"it"|"ita"|"Italy"|".it"
111|388|"jm"|"jam"|"Jamaica"|".jm"
112|392|"jp"|"jpn"|"Japan"|".jp"
113|832|"je"|"jey"|"Jersey"|".je"
114|400|"jo"|"jor"|"Jordan"|".jo"
115|398|"kz"|"kaz"|"Kazakhstan"|".kz"
116|404|"ke"|"ken"|"Kenya"|".ke"
117|296|"ki"|"kir"|"Kiribati"|".ki"
118|408|"kp"|"prk"|"Democratic People's Republic of Korea"|".kp"
119|410|"kr"|"kor"|"Republic of Korea"|".kr"
120|414|"kw"|"kwt"|"Kuwait"|".kw"
121|417|"kg"|"kgz"|"Kyrgyzstan"|".kg"
122|418|"la"|"lao"|"Lao People's Democratic Republic"|".la"
123|428|"lv"|"lva"|"Latvia"|".lv"
124|422|"lb"|"lbn"|"Lebanon"|".lb"
125|426|"ls"|"lso"|"Lesotho"|".ls"
126|430|"lr"|"lbr"|"Liberia"|".lr"
127|434|"ly"|"lby"|"Libya"|".ly"
128|438|"li"|"lie"|"Liechtenstein"|".li"
129|440|"lt"|"ltu"|"Lithuania"|".lt"
130|442|"lu"|"lux"|"Luxembourg"|".lu"
131|446|"mo"|"mac"|"Macao"|".mo"
132|807|"mk"|"mkd"|"The Former Yugoslav Republic of Macedonia"|".mk"
133|450|"mg"|"mdg"|"Madagascar"|".mg"
134|454|"mw"|"mwi"|"Malawi"|".mw"
135|458|"my"|"mys"|"Malaysia"|".my"
136|462|"mv"|"mdv"|"Maldives"|".mv"
137|466|"ml"|"mli"|"Mali"|".ml"
138|470|"mt"|"mlt"|"Malta"|".mt"
139|485|"mh"|"mhl"|"Marshall Islands"|".mh"
140|474|"mq"|"mtq"|"Martinique"|".mq"
141|478|"mr"|"mrt"|"Mauritania"|".mr"
142|480|"mu"|"mus"|"Mauritius"|".mu"
143|175|"yt"|"myt"|"Mayotte"|".yt"
144|484|"mx"|"mex"|"Mexico"|".mx"
145|583|"fm"|"fsm"|"Federated States of Micronesia"|".fm"
146|498|"md"|"mda"|"Republic of Moldova"|".md"
147|492|"mc"|"mco"|"Monaco"|".mc"
148|496|"mn"|"mng"|"Mongolia"|".mn"
149|499|"me"|"mne"|"Montenegro"|".me"
150|500|"ms"|"msr"|"Montserrat"|".ms"
151|504|"ma"|"mar"|"Morocco"|".ma"
152|508|"mz"|"moz"|"Mozambique"|".mz"
153|104|"mm"|"mmr"|"Myanmar"|".mm"
154|516|"na"|"nam"|"Namibia"|".na"
155|520|"nr"|"nru"|"Nauru"|".nr"
156|524|"np"|"npl"|"Nepal"|".np"
157|528|"nl"|"nld"|"Netherlands"|".nl"
158|540|"nc"|"ncl"|"New Caledonia"|".nc"
159|554|"nz"|"nzl"|"New Zealand"|".nz"
160|558|"ni"|"nic"|"Nicaragua"|".ni"
161|562|"ne"|"ner"|"Niger"|".ne"
162|566|"ng"|"nga"|"Nigeria"|".ng"
163|570|"nu"|"niu"|"Niue"|".nu"
164|574|"nf"|"nfk"|"Norfolk Island"|".nf"
165|580|"mp"|"mnp"|"Northern Mariana Islands"|".mp"
166|578|"no"|"nor"|"Norway"|".no"
167|512|"om"|"omn"|"Oman"|".om"
168|586|"pk"|"pak"|"Pakistan"|".pk"
169|585|"pw"|"plw"|"Palau"|".pw"
170|275|"ps"|"pse"|"State of Palestine"|".ps"
171|591|"pa"|"pan"|"Panama"|".pa"
172|598|"pg"|"png"|"Papua New Guinea"|".pg"
173|600|"py"|"pry"|"Paraguay"|".py"
174|604|"pe"|"per"|"Peru"|".pe"
175|608|"ph"|"phl"|"Philippines"|".ph"
176|612|"pn"|"pcn"|"Pitcairn"|".pn"
177|616|"pl"|"pol"|"Poland"|".pl"
178|620|"pt"|"prt"|"Portugal"|".pt"
179|630|"pr"|"pri"|"Puerto Rico"|".pr"
180|634|"qa"|"qat"|"Qatar"|".qa"
181|638|"re"|"reu"|"Réunion"|".re"
182|642|"ro"|"rou"|"Romania"|".ro"
183|643|"ru"|"rus"|"Russian Federation"|".ru"
184|646|"rw"|"rwa"|"Rwanda"|".rw"
185|654|"sh"|"shn"|"Ascension and Tristan Da Cunha Saint Helena"|".ac"
186|652|"bl"|"blm"|"Saint Barthélemy"|".gp"
187|659|"kn"|"kna"|"Saint Kitts and Nevis"|".kn"
188|662|"lc"|"lca"|"Saint Lucia"|".lc"
189|666|"pm"|"spm"|"Saint Pierre and Miquelon"|".pm"
190|670|"vc"|"vct"|"Saint Vincent and The Grenadines"|".vc"
191|882|"ws"|"wsm"|"Samoa"|".ws"
192|674|"sm"|"smr"|"San Marino"|".sm"
193|678|"st"|"stp"|"Sao Tome and Principe"|".st"
194|682|"sa"|"sau"|"Saudi Arabia"|".sa"
195|686|"sn"|"sen"|"Senegal"|".sn"
196|688|"rs"|"srb"|"Serbia"|".rs"
197|690|"sc"|"syc"|"Seychelles"|".sc"
198|694|"sl"|"sle"|"Sierra Leone"|".sl"
199|702|"sg"|"sgp"|"Singapore"|".sg"
200|534|"sx"|"sxm"|"Sint Maarten "|".sx"
201|703|"sk"|"svk"|"Slovakia"|".sk"
202|705|"si"|"svn"|"Slovenia"|".si"
203|90|"sb"|"slb"|"Solomon Islands"|".sb"
204|706|"so"|"som"|"Somalia"|".so"
205|710|"za"|"zaf"|"South Africa"|".za"
206|239|"gs"|"sgs"|"South Georgia and The South Sandwich Islands"|".gs"
207|728|"ss"|"ssd"|"South Sudan"|".ss"
208|724|"es"|"esp"|"Spain"|".es"
209|144|"lk"|"lka"|"Sri Lanka"|".lk"
210|729|"sd"|"sdn"|"Sudan"|".sd"
211|740|"sr"|"sur"|"Suriname"|".sr"
212|744|"sj"|"sjm"|"Svalbard and Jan Mayen Islands"|".no"
213|748|"sz"|"swz"|"Swaziland"|".sz"
214|752|"se"|"swe"|"Sweden"|".se"
215|756|"ch"|"che"|"Switzerland"|".ch"
216|760|"sy"|"syr"|"Syrian Arab Republic"|".sy"
217|158|"tw"|"twn"|"Province of China Taiwan"|".tw"
218|762|"tj"|"tjk"|"Tajikistan"|".tj"
219|834|"tz"|"tza"|"United Republic of Tanzania"|".tz"
220|764|"th"|"tha"|"Thailand"|".th"
221|626|"tl"|"tls"|"Timor-leste"|".tl"
222|768|"tg"|"tgo"|"Togo"|".tg"
223|772|"tk"|"tkl"|"Tokelau"|".tk"
224|776|"to"|"ton"|"Tonga"|".to"
225|780|"tt"|"tto"|"Trinidad and Tobago"|".tt"
226|788|"tn"|"tun"|"Tunisia"|".tn"
227|792|"tr"|"tur"|"Turkey"|".tr"
228|795|"tm"|"tkm"|"Turkmenistan"|".tm"
229|796|"tc"|"tca"|"Turks and Caicos Islands"|".tc"
230|798|"tv"|"tuv"|"Tuvalu"|".tv"
231|800|"ug"|"uga"|"Uganda"|".ug"
232|804|"ua"|"ukr"|"Ukraine"|".ua"
233|784|"ae"|"are"|"United Arab Emirates"|".ae"
234|826|"gb"|"gbr"|"United Kingdom"|".uk"
235|840|"us"|"usa"|"United States"|".us"
236|581|"um"|"umi"|"United States Minor Outlying Islands"|".um"
237|858|"uy"|"ury"|"Uruguay"|".uy"
238|860|"uz"|"uzb"|"Uzbekistan"|".uz"
239|548|"vu"|"vut"|"Vanuatu"|".vu"
240|862|"ve"|"ven"|"Bolivarian Republic of Venezuela"|".ve"
241|704|"vn"|"vnm"|"Vietnam"|".vn"
242|92|"vg"|"vgb"|"Virgin Islands (British)"|".vg"
243|850|"vi"|"vir"|"Virgin Islands (US)"|".vi"
244|876|"wf"|"wlf"|"Wallis and Futuna Islands"|".wf"
245|732|"eh"|"esh"|"Western Sahara"|".eh"
246|887|"ye"|"yem"|"Yemen"|".ye"
247|894|"zm"|"zmb"|"Zambia"|".zm"
248|716|"zw"|"zwe"|"Zimbabwe"|".zw"